{
    "means": {
        "shape": [
            1000000,
            3
        ],
        "dtype": "float32",
        "mins": [
            -3.664612873901125,
            -3.4936797083059083,
            -3.7793054033775277
        ],
        "maxs": [
            3.5464697854362015,
            3.5014307163143186,
            3.1789194713248192
        ],
        "files": [
            "means_l.webp",
            "means_u.webp"
        ]
    },
    "scales": {
        "shape": [
            1000000,
            3
        ],
        "dtype": "float32",
        "mins": [
            -12.538442611694336,
            -12.205382347106934,
            -11.69645881652832
        ],
        "maxs": [
            2.1311659812927246,
            2.2919695377349854,
            1.9781560897827148
        ],
        "files": [
            "scales.webp"
        ]
    },
    "quats": {
        "shape": [
            1000000,
            4
        ],
        "dtype": "uint8",
        "encoding": "quaternion_packed",
        "files": [
            "quats.webp"
        ]
    },
    "sh0": {
        "shape": [
            1000000,
            1,
            4
        ],
        "dtype": "float32",
        "mins": [
            -2.07546067237854,
            -2.0611069202423096,
            -2.099792003631592,
            -3.9159464836120605
        ],
        "maxs": [
            4.841418743133545,
            4.116140842437744,
            4.644761085510254,
            8.253003120422363
        ],
        "files": [
            "sh0.webp"
        ]
    }
}