{
    "version": 2,
    "tonemapping": "none",
    "highPrecisionRendering": false,
    "background": {
        "color": [
            1,
            1,
            1
        ]
    },
    "postEffectSettings": {
        "sharpness": {
            "enabled": false,
            "amount": 0
        },
        "bloom": {
            "enabled": false,
            "intensity": 1,
            "blurLevel": 2
        },
        "grading": {
            "enabled": false,
            "brightness": 0,
            "contrast": 1,
            "saturation": 1,
            "tint": [
                1,
                1,
                1
            ]
        },
        "vignette": {
            "enabled": false,
            "intensity": 0.5,
            "inner": 0.3,
            "outer": 0.75,
            "curvature": 1
        },
        "fringing": {
            "enabled": false,
            "intensity": 0.5
        }
    },
    "animTracks": [
        {
            "name": "cameraAnim",
            "duration": 46.666666666666664,
            "frameRate": 30,
            "loopMode": "repeat",
            "interpolation": "spline",
            "smoothness": 1,
            "keyframes": {
                "times": [
                    0,
                    300,
                    400,
                    700,
                    1000,
                    1100
                ],
                "values": {
                    "position": [
                        12.111187934875488,
                        18.812789916992188,
                        13.474883079528809,
                        9.809606552124023,
                        6.0158891677856445,
                        -117.0067138671875,
                        -12.593968391418457,
                        6.109593868255615,
                        -117.22453308105469,
                        -13.316109657287598,
                        17.417585372924805,
                        -26.081180572509766,
                        -11.789490699768066,
                        6.716757297515869,
                        115.128173828125,
                        10.897478103637695,
                        6.404306888580322,
                        112.82621765136719
                    ],
                    "target": [
                        -0.6724357717774865,
                        15.910524072716674,
                        -2.0880659006312055,
                        -3.3483202876979004,
                        3.9891955996251287,
                        -142.8304703061599,
                        2.2746684338224608,
                        4.706085212583289,
                        -141.5820407855469,
                        -0.6743500611716478,
                        15.888301353166213,
                        -2.144407896619365,
                        3.161391412326669,
                        5.07497574434126,
                        137.8991092238795,
                        1.6821223780726657,
                        5.519908815496276,
                        136.79559435770622
                    ],
                    "fov": [
                        80,
                        80,
                        80,
                        80,
                        80,
                        80
                    ]
                }
            }
        }
    ],
    "cameras": [
        {
            "initial": {
                "position": [
                    12.111187934875488,
                    18.812789916992188,
                    13.474883079528809
                ],
                "target": [
                    -0.6724357717774865,
                    15.910524072716674,
                    -2.0880659006312055
                ],
                "fov": 80
            }
        }
    ],
    "annotations": [],
    "startMode": "animTrack"
}